Time,Channels,Noisy Current
0.0,0.0,-0.4202972650527954
0.10000000149011612,0.0,-0.40566468238830566
0.20000000298023224,0.0,-0.3341970145702362
0.30000000447034836,0.0,-0.35809433460235596
0.4000000059604645,0.0,-0.3410734534263611
0.5000000074505806,0.0,-0.3562007248401642
0.6000000089406967,0.0,-0.335707426071167
0.7000000104308128,0.0,-0.4037691354751587
0.800000011920929,0.0,-0.4065270721912384
0.9000000134110451,0.0,-0.3793659806251526
1.0000000149011612,0.0,-0.35751545429229736
1.1000000163912773,0.0,-0.3001858592033386
1.2000000178813934,0.0,-0.33782148361206055
1.3000000193715096,0.0,-0.36152055859565735
1.4000000208616257,0.0,-0.399283766746521
1.5000000223517418,0.0,-0.39941924810409546
1.600000023841858,0.0,-0.3898525536060333
1.700000025331974,0.0,-0.40004000067710876
1.8000000268220901,0.0,-0.40993303060531616
1.9000000283122063,0.0,-0.41142335534095764
2.0000000298023224,0.0,-0.3686636686325073
2.1000000312924385,0.0,-0.39062565565109253
2.2000000327825546,0.0,-0.41259658336639404
2.3000000342726707,0.0,-0.3793947398662567
2.400000035762787,0.0,-0.35073426365852356
2.500000037252903,0.0,-0.3724573850631714
2.600000038743019,0.0,-0.38453611731529236
2.7000000402331352,0.0,-0.38734447956085205
2.8000000417232513,0.0,-0.3580915927886963
2.9000000432133675,0.0,-0.3456260561943054
3.0000000447034836,0.0,-0.3776220679283142
3.1000000461935997,0.0,-0.37710392475128174
3.200000047683716,0.0,-0.3644998371601105
3.300000049173832,0.0,-0.4168892204761505
3.400000050663948,0.0,-0.37491750717163086
3.500000052154064,0.0,-0.4144737124443054
3.6000000536441803,0.0,-0.3950522243976593
3.7000000551342964,0.0,-0.39888429641723633
3.8000000566244125,0.0,-0.43658989667892456
3.9000000581145287,0.0,-0.40217646956443787
4.000000059604645,0.0,-0.36260461807250977
4.100000061094761,0.0,-0.36405521631240845
4.200000062584877,0.0,-0.4024185836315155
4.300000064074993,0.0,-0.3895638585090637
4.400000065565109,0.0,-0.39272341132164
4.500000067055225,0.0,-0.3174496591091156
4.6000000685453415,0.0,-0.4100978970527649
4.700000070035458,0.0,-0.41695907711982727
4.800000071525574,0.0,-0.4153800904750824
4.90000007301569,0.0,-0.36126554012298584
5.000000074505806,0.0,-0.36317378282546997
5.100000075995922,0.0,-0.33112436532974243
5.200000077486038,0.0,-0.37009382247924805
5.300000078976154,0.0,-0.3495897352695465
5.4000000804662704,0.0,-0.4083234667778015
5.500000081956387,0.0,-0.4613569378852844
5.600000083446503,0.0,-0.4288719892501831
5.700000084936619,0.0,-0.40539640188217163
5.800000086426735,0.0,-0.41671130061149597
5.900000087916851,0.0,-0.3768237233161926
6.000000089406967,0.0,-0.3453816771507263
6.100000090897083,0.0,-0.34747934341430664
6.200000092387199,0.0,-0.39258307218551636
6.3000000938773155,0.0,-0.36107203364372253
6.400000095367432,0.0,-0.4073711633682251
6.500000096857548,0.0,-0.42134836316108704
6.600000098347664,0.0,-0.40697944164276123
6.70000009983778,0.0,-0.4202761948108673
6.800000101327896,0.0,-0.4556688964366913
6.900000102818012,0.0,-0.44489458203315735
7.000000104308128,0.0,-0.47287482023239136
7.1000001057982445,0.0,-0.5026727318763733
7.200000107288361,0.0,-0.4867895841598511
7.300000108778477,0.0,-0.5148137211799622
7.400000110268593,0.0,-0.4398476481437683
7.500000111758709,0.0,-0.46526527404785156
7.600000113248825,0.0,-0.446307897567749
7.700000114738941,0.0,-0.47413957118988037
7.800000116229057,0.0,-0.4496970772743225
7.900000117719173,0.0,-0.4677465558052063
8.00000011920929,0.0,-0.4732641875743866
8.100000120699406,0.0,-0.48437535762786865
8.200000122189522,0.0,-0.42261064052581787
8.300000123679638,0.0,-0.4497759938240051
8.400000125169754,0.0,-0.41971030831336975
8.50000012665987,0.0,-0.41257190704345703
8.600000128149986,0.0,-0.34529948234558105
8.700000129640102,0.0,-0.3544027507305145
8.800000131130219,0.0,-0.41327375173568726
8.900000132620335,0.0,-0.4249010384082794
9.00000013411045,0.0,-0.45293956995010376
9.100000135600567,0.0,-0.47460734844207764
9.200000137090683,0.0,-0.46358755230903625
9.300000138580799,0.0,-0.4146358370780945
9.400000140070915,0.0,-0.42004984617233276
9.500000141561031,0.0,-0.3652753233909607
9.600000143051147,0.0,-0.42866915464401245
9.700000144541264,0.0,-0.380629301071167
9.80000014603138,0.0,-0.37649762630462646
9.900000147521496,0.0,-0.39451441168785095
10.000000149011612,0.0,-0.4329272508621216
10.100000150501728,0.0,-0.42397236824035645
10.200000151991844,0.0,-0.42572876811027527
10.30000015348196,0.0,-0.4001683294773102
10.400000154972076,0.0,-0.38961851596832275
10.500000156462193,0.0,-0.4273275136947632
10.600000157952309,0.0,-0.41264429688453674
10.700000159442425,0.0,-0.3774734437465668
10.800000160932541,1.0,0.18602719902992249
10.900000162422657,1.0,0.1645413488149643
11.000000163912773,1.0,0.15600956976413727
11.10000016540289,1.0,0.08728480339050293
11.200000166893005,1.0,0.08568552136421204
11.300000168383121,1.0,0.09385460615158081
11.400000169873238,1.0,0.06207266449928284
11.500000171363354,1.0,0.08338157832622528
11.60000017285347,1.0,0.14126592874526978
11.700000174343586,1.0,0.13933633267879486
11.800000175833702,1.0,0.14485839009284973
11.900000177323818,1.0,0.1731085628271103
12.000000178813934,1.0,0.154121994972229
12.10000018030405,1.0,0.11696931719779968
12.200000181794167,1.0,0.11221962422132492
12.300000183284283,1.0,0.054678503423929214
12.400000184774399,1.0,0.07686068117618561
12.500000186264515,1.0,0.07365165650844574
12.600000187754631,1.0,0.05501139163970947
12.700000189244747,1.0,0.06293119490146637
12.800000190734863,1.0,0.05151553452014923
12.90000019222498,1.0,0.00871417298913002
13.000000193715096,1.0,0.0024936534464359283
13.100000195205212,1.0,0.03556419909000397
13.200000196695328,1.0,0.10226310789585114
13.300000198185444,1.0,0.0818057730793953
13.40000019967556,1.0,0.08954833447933197
13.500000201165676,1.0,0.09677430987358093
13.600000202655792,1.0,0.05614161491394043
13.700000204145908,1.0,0.03850889950990677
13.800000205636024,1.0,0.024612421169877052
13.90000020712614,1.0,0.08090713620185852
14.000000208616257,1.0,0.03974548727273941
14.100000210106373,1.0,0.0674993097782135
14.200000211596489,1.0,0.01929396390914917
14.300000213086605,1.0,0.012463625520467758
14.400000214576721,1.0,0.02127949334681034
14.500000216066837,1.0,0.05420375242829323
14.600000217556953,1.0,0.036662664264440536
14.70000021904707,1.0,0.004237893503159285
14.800000220537186,1.0,0.02765979990363121
14.900000222027302,1.0,0.004419471137225628
15.000000223517418,1.0,0.04559510201215744
15.100000225007534,1.0,-0.02105027064681053
15.20000022649765,1.0,-0.025086186826229095
15.300000227987766,1.0,-0.04286525025963783
15.400000229477882,0.0,-0.6202537417411804
15.500000230967999,0.0,-0.6178309321403503
15.600000232458115,0.0,-0.5750836730003357
15.70000023394823,0.0,-0.5955451726913452
15.800000235438347,0.0,-0.6019258499145508
15.900000236928463,0.0,-0.550804078578949
16.00000023841858,0.0,-0.5781580805778503
16.100000239908695,0.0,-0.6307569146156311
16.20000024139881,0.0,-0.567529559135437
16.300000242888927,0.0,-0.608464777469635
16.400000244379044,0.0,-0.557921290397644
16.50000024586916,0.0,-0.5556976199150085
16.600000247359276,0.0,-0.5348377227783203
16.700000248849392,0.0,-0.5244898200035095
16.800000250339508,0.0,-0.47026705741882324
16.900000251829624,0.0,-0.4707365036010742
17.00000025331974,0.0,-0.4981014132499695
17.100000254809856,0.0,-0.523149311542511
17.200000256299973,0.0,-0.4795687198638916
17.30000025779009,0.0,-0.5072115659713745
17.400000259280205,0.0,-0.4880543351173401
17.50000026077032,0.0,-0.4903896450996399
17.600000262260437,0.0,-0.4735647439956665
17.700000263750553,0.0,-0.48662295937538147
17.80000026524067,0.0,-0.49004676938056946
17.900000266730785,0.0,-0.4741172194480896
18.0000002682209,0.0,-0.43133023381233215
18.100000269711018,0.0,-0.5320550799369812
18.200000271201134,0.0,-0.5330061912536621
18.30000027269125,0.0,-0.518320620059967
18.400000274181366,0.0,-0.47013765573501587
18.500000275671482,0.0,-0.47630545496940613
18.600000277161598,0.0,-0.45597192645072937
18.700000278651714,0.0,-0.4563058018684387
18.80000028014183,0.0,-0.4287998378276825
18.900000281631947,0.0,-0.5014814138412476
19.000000283122063,0.0,-0.5109981894493103
19.10000028461218,0.0,-0.5194337964057922
19.200000286102295,0.0,-0.5514584183692932
19.30000028759241,0.0,-0.46380099654197693
19.400000289082527,0.0,-0.5346208810806274
19.500000290572643,0.0,-0.5475096702575684
19.60000029206276,0.0,-0.4903469979763031
19.700000293552876,0.0,-0.5006295442581177
19.80000029504299,0.0,-0.4968850016593933
19.900000296533108,0.0,-0.4533695876598358
20.000000298023224,0.0,-0.3706321120262146
20.10000029951334,0.0,-0.3549346327781677
20.200000301003456,0.0,-0.3816553056240082
20.300000302493572,0.0,-0.3945234417915344
20.40000030398369,0.0,-0.34671735763549805
20.500000305473804,0.0,-0.3875376284122467
20.60000030696392,0.0,-0.38857996463775635
20.700000308454037,0.0,-0.34707334637641907
20.800000309944153,0.0,-0.33100587129592896
20.90000031143427,0.0,-0.3363804519176483
21.000000312924385,0.0,-0.38270342350006104
21.1000003144145,0.0,-0.3929436504840851
21.200000315904617,0.0,-0.3296411335468292
21.300000317394733,0.0,-0.37885451316833496
21.40000031888485,0.0,-0.37583377957344055
21.500000320374966,0.0,-0.40064629912376404
21.600000321865082,0.0,-0.41132405400276184
21.700000323355198,0.0,-0.41399911046028137
21.800000324845314,0.0,-0.40471088886260986
21.90000032633543,0.0,-0.38738948106765747
22.000000327825546,0.0,-0.45928794145584106
22.100000329315662,0.0,-0.4329642653465271
22.20000033080578,0.0,-0.3861430585384369
22.300000332295895,0.0,-0.4314677119255066
22.40000033378601,0.0,-0.4436272382736206
22.500000335276127,0.0,-0.382872611284256
22.600000336766243,0.0,-0.419773131608963
22.70000033825636,0.0,-0.433520644903183
22.800000339746475,0.0,-0.42507296800613403
22.90000034123659,0.0,-0.3809109628200531
23.000000342726707,0.0,-0.3671950697898865
23.100000344216824,0.0,-0.41669273376464844
23.20000034570694,0.0,-0.40473639965057373
23.300000347197056,0.0,-0.4306308329105377
23.400000348687172,0.0,-0.3838002383708954
23.500000350177288,0.0,-0.4323931932449341
23.600000351667404,0.0,-0.44235119223594666
23.70000035315752,0.0,-0.4398456811904907
23.800000354647636,0.0,-0.47944092750549316
23.900000356137753,0.0,-0.471478134393692
24.00000035762787,0.0,-0.491737425327301
24.100000359117985,0.0,-0.46030572056770325
24.2000003606081,0.0,-0.48273009061813354
24.300000362098217,0.0,-0.4431028366088867
24.400000363588333,0.0,-0.4260093569755554
24.50000036507845,0.0,-0.4711191654205322
24.600000366568565,0.0,-0.44980859756469727
24.70000036805868,0.0,-0.451480895280838
24.800000369548798,0.0,-0.46485012769699097
24.900000371038914,0.0,-0.4531975984573364
25.00000037252903,0.0,-0.44607213139533997
25.100000374019146,0.0,-0.4621903896331787
25.200000375509262,0.0,-0.4954027235507965
25.300000376999378,0.0,-0.4908377230167389
25.400000378489494,0.0,-0.5063995122909546
25.50000037997961,0.0,-0.4691728353500366
25.600000381469727,0.0,-0.4354395270347595
25.700000382959843,0.0,-0.471410870552063
25.80000038444996,0.0,-0.48400169610977173
25.900000385940075,0.0,-0.4455811083316803
26.00000038743019,1.0,0.1491900086402893
26.100000388920307,1.0,0.13464303314685822
26.200000390410423,1.0,0.18531405925750732
26.30000039190054,1.0,0.15321795642375946
26.400000393390656,1.0,0.15302440524101257
26.50000039488077,1.0,0.12020465731620789
26.600000396370888,1.0,0.1202966570854187
26.700000397861004,1.0,0.08665072917938232
26.80000039935112,1.0,0.08895790576934814
26.900000400841236,1.0,0.05597769469022751
27.000000402331352,1.0,0.09899328649044037
27.10000040382147,1.0,0.08581175655126572
27.200000405311584,1.0,0.12019164115190506
27.3000004068017,1.0,0.08206143975257874
27.400000408291817,1.0,0.05588029325008392
27.500000409781933,1.0,0.0420207753777504
27.60000041127205,1.0,0.041913002729415894
27.700000412762165,1.0,0.056772537529468536
27.80000041425228,1.0,0.0668853148818016
27.900000415742397,1.0,0.04256684333086014
28.000000417232513,1.0,0.017215538769960403
28.10000041872263,1.0,0.05929924175143242
28.200000420212746,1.0,0.06324083358049393
28.300000421702862,1.0,0.030656499788165092
28.400000423192978,1.0,0.024181023240089417
28.500000424683094,1.0,0.061662785708904266
28.60000042617321,1.0,0.043464671820402145
28.700000427663326,1.0,0.05791210010647774
28.800000429153442,1.0,0.04392824321985245
28.90000043064356,1.0,0.04883268475532532
29.000000432133675,1.0,0.04503525793552399
29.10000043362379,1.0,0.05419036000967026
29.200000435113907,1.0,0.04868404567241669
29.300000436604023,1.0,0.04533190280199051
29.40000043809414,1.0,0.07267016172409058
29.500000439584255,1.0,0.025320719927549362
29.60000044107437,1.0,0.05533522367477417
29.700000442564487,1.0,-0.006124543026089668
29.800000444054604,1.0,-0.015453152358531952
29.90000044554472,1.0,0.014377540908753872
30.000000447034836,1.0,-0.004626928828656673
30.100000448524952,1.0,-0.043596189469099045
30.200000450015068,1.0,0.031538594514131546
30.300000451505184,1.0,-0.03960886597633362
30.4000004529953,1.0,-0.016305454075336456
30.500000454485416,1.0,-0.020815249532461166
30.600000455975533,1.0,-0.01886001043021679
30.70000045746565,1.0,-0.011831386014819145
30.800000458955765,1.0,-0.013961211778223515
30.90000046044588,1.0,-0.016956329345703125
31.000000461935997,1.0,-0.014558418653905392
31.100000463426113,0.0,-0.6083283424377441
31.20000046491623,0.0,-0.622370719909668
31.300000466406345,0.0,-0.5932856202125549
31.40000046789646,0.0,-0.6046664118766785
31.500000469386578,0.0,-0.6047440767288208
31.600000470876694,0.0,-0.5881449580192566
31.70000047236681,0.0,-0.5947714447975159
31.800000473856926,0.0,-0.5595830082893372
31.900000475347042,0.0,-0.5477103590965271
32.00000047683716,0.0,-0.5171574950218201
32.100000478327274,0.0,-0.5622590780258179
32.20000047981739,0.0,-0.5154800415039062
32.30000048130751,0.0,-0.5063932538032532
32.40000048279762,0.0,-0.5033940076828003
32.50000048428774,0.0,-0.5610612034797668
32.600000485777855,0.0,-0.5301276445388794
32.70000048726797,0.0,-0.5338243842124939
32.80000048875809,0.0,-0.5350644588470459
32.9000004902482,0.0,-0.5080152153968811
33.00000049173832,0.0,-0.49125945568084717
33.100000493228436,0.0,-0.5041336417198181
33.20000049471855,0.0,-0.5190291404724121
33.30000049620867,0.0,-0.5037111639976501
33.400000497698784,0.0,-0.4784993827342987
33.5000004991889,0.0,-0.4819609820842743
33.600000500679016,0.0,-0.505715012550354
33.70000050216913,0.0,-0.4903082251548767
33.80000050365925,0.0,-0.5429196357727051
33.900000505149364,0.0,-0.5220488905906677
34.00000050663948,0.0,-0.5211161375045776
34.1000005081296,0.0,-0.534231424331665
34.20000050961971,0.0,-0.49122172594070435
34.30000051110983,0.0,-0.5046600699424744
34.400000512599945,0.0,-0.5034708380699158
34.50000051409006,0.0,-0.4892127215862274
34.60000051558018,0.0,-0.4316682815551758
34.70000051707029,0.0,-0.4476066827774048
34.80000051856041,0.0,-0.530967116355896
34.900000520050526,0.0,-0.48068636655807495
35.00000052154064,0.0,-0.45248928666114807
35.10000052303076,0.0,-0.4622573256492615
35.200000524520874,0.0,-0.4533414840698242
35.30000052601099,0.0,-0.47589898109436035
35.400000527501106,0.0,-0.4801747500896454
35.50000052899122,0.0,-0.4843599498271942
35.60000053048134,0.0,-0.4415130913257599
35.700000531971455,0.0,-0.40719935297966003
35.80000053346157,0.0,-0.42742985486984253
35.90000053495169,0.0,-0.40617287158966064
36.0000005364418,0.0,-0.4143063724040985
36.10000053793192,0.0,-0.4594663083553314
36.200000539422035,0.0,-0.4509662985801697
36.30000054091215,0.0,-0.41827136278152466
36.40000054240227,0.0,-0.4172191023826599
36.500000543892384,0.0,-0.40366190671920776
36.6000005453825,0.0,-0.4386170208454132
36.700000546872616,0.0,-0.415770024061203
36.80000054836273,0.0,-0.40211448073387146
36.90000054985285,0.0,-0.3875257968902588
37.000000551342964,0.0,-0.35348761081695557
37.10000055283308,0.0,-0.3196102976799011
37.200000554323196,0.0,-0.3462531268596649
37.30000055581331,0.0,-0.3987972140312195
37.40000055730343,0.0,-0.3883639872074127
37.500000558793545,0.0,-0.39937371015548706
37.60000056028366,0.0,-0.40709105134010315
37.70000056177378,0.0,-0.3901759386062622
37.80000056326389,0.0,-0.39500194787979126
37.90000056475401,0.0,-0.4189499020576477
38.000000566244125,0.0,-0.4280145764350891
38.10000056773424,0.0,-0.4087429940700531
38.20000056922436,0.0,-0.35579603910446167
38.300000570714474,0.0,-0.34868472814559937
38.40000057220459,0.0,-0.3632504940032959
38.500000573694706,0.0,-0.3936823010444641
38.60000057518482,0.0,-0.43532127141952515
38.70000057667494,0.0,-0.3700783848762512
38.800000578165054,0.0,-0.4110400974750519
38.90000057965517,0.0,-0.4097219407558441
39.00000058114529,0.0,-0.46028292179107666
39.1000005826354,0.0,-0.43495023250579834
39.20000058412552,0.0,-0.37921029329299927
39.300000585615635,0.0,-0.39460909366607666
39.40000058710575,0.0,-0.3986832797527313
39.50000058859587,0.0,-0.3956737518310547
39.60000059008598,0.0,-0.4638000726699829
39.7000005915761,0.0,-0.4590718746185303
39.800000593066216,0.0,-0.4834098815917969
39.90000059455633,0.0,-0.4131624400615692
40.00000059604645,1.0,-0.03767205774784088
40.100000597536564,1.0,-0.055052343755960464
40.20000059902668,1.0,-0.09880036860704422
40.300000600516796,1.0,-0.06798339635133743
40.40000060200691,1.0,-0.10791106522083282
40.50000060349703,1.0,-0.09387169033288956
40.600000604987144,1.0,-0.1124919131398201
40.70000060647726,1.0,-0.09890936315059662
40.80000060796738,1.0,-0.06091957166790962
40.90000060945749,1.0,-0.0974140614271164
41.00000061094761,1.0,-0.047693900763988495
41.100000612437725,1.0,-0.09795123338699341
41.20000061392784,1.0,-0.11239916831254959
41.30000061541796,1.0,-0.10282724350690842
41.40000061690807,1.0,-0.03969912976026535
41.50000061839819,1.0,-0.05177730694413185
41.600000619888306,1.0,-0.052178915590047836
41.70000062137842,1.0,-0.022852405905723572
41.80000062286854,1.0,-0.050477199256420135
41.900000624358654,1.0,-0.025128401815891266
42.00000062584877,1.0,-0.09045927226543427
42.100000627338886,1.0,-0.10831021517515182
42.200000628829,1.0,-0.09299543499946594
42.30000063031912,1.0,-0.09866341948509216
42.400000631809235,1.0,-0.11651332676410675
42.50000063329935,1.0,-0.08574637770652771
42.60000063478947,1.0,-0.1537511795759201
42.70000063627958,1.0,-0.12139557301998138
42.8000006377697,1.0,-0.04960322007536888
42.900000639259815,1.0,-0.1009654626250267
43.00000064074993,1.0,-0.04685808718204498
43.10000064224005,1.0,-0.12868517637252808
43.200000643730164,1.0,-0.16437318921089172
43.30000064522028,1.0,-0.15952946245670319
43.400000646710396,1.0,-0.13132864236831665
43.50000064820051,1.0,-0.17934808135032654
43.60000064969063,1.0,-0.19169360399246216
43.700000651180744,1.0,-0.19084708392620087
43.80000065267086,1.0,-0.1682923436164856
43.900000654160976,1.0,-0.19368022680282593
44.00000065565109,1.0,-0.1474020630121231
44.10000065714121,1.0,-0.17216578125953674
44.200000658631325,1.0,-0.13384486734867096
44.30000066012144,1.0,-0.20170828700065613
44.40000066161156,1.0,-0.13739825785160065
44.50000066310167,1.0,-0.1407671868801117
44.60000066459179,1.0,-0.11311692744493484
44.700000666081905,1.0,-0.09067653864622116
44.80000066757202,1.0,-0.11698437482118607
44.90000066906214,1.0,-0.0480315163731575
45.000000670552254,0.0,-0.6509807109832764
45.10000067204237,0.0,-0.6625147461891174
45.200000673532486,0.0,-0.667317271232605
45.3000006750226,0.0,-0.6510519981384277
45.40000067651272,0.0,-0.6520109176635742
45.500000678002834,0.0,-0.6081697344779968
45.60000067949295,0.0,-0.6443763375282288
45.70000068098307,0.0,-0.6781509518623352
45.80000068247318,0.0,-0.6161776781082153
45.9000006839633,0.0,-0.5811141729354858
46.000000685453415,0.0,-0.5781546235084534
46.10000068694353,0.0,-0.5755189061164856
46.20000068843365,0.0,-0.570435643196106
46.30000068992376,0.0,-0.6164525151252747
46.40000069141388,0.0,-0.5711669921875
46.500000692903996,0.0,-0.6012954115867615
46.60000069439411,0.0,-0.6022313833236694
46.70000069588423,0.0,-0.6131525039672852
46.800000697374344,0.0,-0.609380841255188
46.90000069886446,0.0,-0.5649060606956482
47.000000700354576,0.0,-0.588353157043457
47.10000070184469,0.0,-0.5656863451004028
47.20000070333481,0.0,-0.5864250659942627
47.300000704824924,0.0,-0.5879348516464233
47.40000070631504,0.0,-0.5827560424804688
47.50000070780516,0.0,-0.5884004235267639
47.60000070929527,0.0,-0.5533537268638611
47.70000071078539,0.0,-0.5569921135902405
47.800000712275505,0.0,-0.5376799702644348
47.90000071376562,0.0,-0.5118100643157959
48.00000071525574,0.0,-0.5222218036651611
48.10000071674585,0.0,-0.5218990445137024
48.20000071823597,0.0,-0.513908326625824
48.300000719726086,0.0,-0.5579758286476135
48.4000007212162,0.0,-0.5402024388313293
48.50000072270632,0.0,-0.6034830808639526
48.600000724196434,0.0,-0.5919580459594727
48.70000072568655,0.0,-0.5571083426475525
48.800000727176666,0.0,-0.5770463943481445
48.90000072866678,0.0,-0.5849997997283936
49.0000007301569,0.0,-0.48465970158576965
49.100000731647015,0.0,-0.5203693509101868
49.20000073313713,0.0,-0.5567582249641418
49.30000073462725,0.0,-0.5219097137451172
49.40000073611736,0.0,-0.5405269861221313
49.50000073760748,0.0,-0.5324719548225403
49.600000739097595,0.0,-0.5436089038848877
49.70000074058771,0.0,-0.517605721950531
49.80000074207783,0.0,-0.5066823363304138
49.900000743567944,0.0,-0.5514899492263794
50.00000074505806,0.0,-0.5585169196128845
50.100000746548176,0.0,-0.5361162424087524
50.20000074803829,0.0,-0.5012292861938477
50.30000074952841,0.0,-0.4464934766292572
50.400000751018524,0.0,-0.4437445104122162
50.50000075250864,0.0,-0.46956169605255127
50.600000753998756,0.0,-0.44133755564689636
50.70000075548887,0.0,-0.43335676193237305
50.80000075697899,0.0,-0.3885975480079651
50.900000758469105,0.0,-0.4312208592891693
51.00000075995922,0.0,-0.42594650387763977
51.10000076144934,0.0,-0.4282323122024536
51.20000076293945,0.0,-0.4320586323738098
51.30000076442957,0.0,-0.43234434723854065
51.400000765919685,0.0,-0.37634146213531494
51.5000007674098,0.0,-0.3859615921974182
51.60000076889992,0.0,-0.3786982297897339
51.700000770390034,0.0,-0.34836965799331665
51.80000077188015,0.0,-0.3792901635169983
51.900000773370266,0.0,-0.38664355874061584
52.00000077486038,0.0,-0.40953752398490906
52.1000007763505,0.0,-0.4285117983818054
52.200000777840614,0.0,-0.4273234009742737
52.30000077933073,0.0,-0.4223726689815521
52.40000078082085,0.0,-0.39471346139907837
52.50000078231096,0.0,-0.42239460349082947
52.60000078380108,0.0,-0.35315340757369995
52.700000785291195,0.0,-0.39657852053642273
52.80000078678131,0.0,-0.38616836071014404
52.90000078827143,0.0,-0.4061167538166046
53.00000078976154,0.0,-0.4192180335521698
53.10000079125166,0.0,-0.4492197632789612
53.200000792741776,0.0,-0.4260803461074829
53.30000079423189,0.0,-0.4474959075450897
53.40000079572201,0.0,-0.4178100824356079
53.500000797212124,0.0,-0.40969914197921753
53.60000079870224,0.0,-0.41081663966178894
53.700000800192356,0.0,-0.4252924621105194
53.80000080168247,0.0,-0.40860792994499207
53.90000080317259,0.0,-0.40291479229927063
54.000000804662704,0.0,-0.4157024919986725
54.10000080615282,0.0,-0.4189554452896118
54.20000080764294,0.0,-0.4187451899051666
54.30000080913305,0.0,-0.4207114279270172
54.40000081062317,0.0,-0.4313754141330719
54.500000812113285,0.0,-0.4342801570892334
54.6000008136034,0.0,-0.41602787375450134
54.70000081509352,0.0,-0.42166605591773987
54.80000081658363,0.0,-0.45324715971946716
54.90000081807375,0.0,-0.4548044204711914
55.000000819563866,0.0,-0.45981186628341675
55.10000082105398,0.0,-0.4099283218383789
55.2000008225441,0.0,-0.4315566420555115
55.300000824034214,0.0,-0.46237045526504517
55.40000082552433,0.0,-0.49132198095321655
55.500000827014446,0.0,-0.46070748567581177
55.60000082850456,0.0,-0.36340171098709106
55.70000082999468,0.0,-0.38542869687080383
55.800000831484795,0.0,-0.4157239496707916
55.90000083297491,0.0,-0.4192781150341034
56.00000083446503,0.0,-0.37927737832069397
56.10000083595514,0.0,-0.38141483068466187
56.20000083744526,0.0,-0.44261860847473145
56.300000838935375,0.0,-0.4577760696411133
56.40000084042549,0.0,-0.4416324198246002
56.50000084191561,0.0,-0.41437283158302307
56.600000843405724,0.0,-0.4223318099975586
56.70000084489584,0.0,-0.42156901955604553
56.800000846385956,0.0,-0.4152173399925232
56.90000084787607,0.0,-0.4339733123779297
57.00000084936619,0.0,-0.39971739053726196
57.100000850856304,0.0,-0.4235895574092865
57.20000085234642,0.0,-0.4289435148239136
57.300000853836536,0.0,-0.4252583682537079
57.40000085532665,0.0,-0.37357208132743835
57.50000085681677,0.0,-0.38087406754493713
57.600000858306885,0.0,-0.36443281173706055
57.700000859797,0.0,-0.3368576169013977
57.80000086128712,0.0,-0.37854447960853577
57.90000086277723,0.0,-0.387947142124176
58.00000086426735,0.0,-0.355770081281662
58.100000865757465,0.0,-0.37556472420692444
58.20000086724758,0.0,-0.3882918357849121
58.3000008687377,0.0,-0.3815326392650604
58.400000870227814,0.0,-0.39577025175094604
58.50000087171793,0.0,-0.361471563577652
58.600000873208046,0.0,-0.3868348300457001
58.70000087469816,0.0,-0.3803074061870575
58.80000087618828,0.0,-0.36498886346817017
58.900000877678394,0.0,-0.37570080161094666
59.00000087916851,0.0,-0.4535213112831116
59.10000088065863,0.0,-0.40277329087257385
59.20000088214874,0.0,-0.3749040961265564
59.30000088363886,0.0,-0.411638081073761
59.400000885128975,0.0,-0.4035061001777649
59.50000088661909,0.0,-0.39171263575553894
59.60000088810921,0.0,-0.3707658350467682
59.70000088959932,0.0,-0.3605442941188812
59.80000089108944,0.0,-0.4347810447216034
59.900000892579556,0.0,-0.4207591414451599
60.00000089406967,1.0,0.1808185875415802
60.10000089555979,1.0,0.21087463200092316
60.200000897049904,1.0,0.17051905393600464
60.30000089854002,1.0,0.1532391756772995
60.400000900030136,1.0,0.16139182448387146
60.50000090152025,1.0,0.20473983883857727
60.60000090301037,1.0,0.23868653178215027
60.700000904500484,1.0,0.24328631162643433
60.8000009059906,1.0,0.21109391748905182
60.90000090748072,1.0,0.22740299999713898
61.00000090897083,1.0,0.21202073991298676
61.10000091046095,1.0,0.23548945784568787
61.200000911951065,1.0,0.2021459937095642
61.30000091344118,1.0,0.21435001492500305
61.4000009149313,1.0,0.247744619846344
61.50000091642141,1.0,0.27079108357429504
61.60000091791153,1.0,0.23744802176952362
61.700000919401646,1.0,0.2582925856113434
61.80000092089176,1.0,0.26087501645088196
61.90000092238188,1.0,0.19487130641937256
62.000000923871994,1.0,0.2132946252822876
62.10000092536211,1.0,0.2290157675743103
62.200000926852226,1.0,0.18067608773708344
62.30000092834234,1.0,0.2391425371170044
62.40000092983246,1.0,0.24154487252235413
62.500000931322575,1.0,0.22184838354587555
62.60000093281269,1.0,0.24463370442390442
62.70000093430281,1.0,0.23701685667037964
62.80000093579292,1.0,0.21555666625499725
62.90000093728304,1.0,0.26394036412239075
63.000000938773155,1.0,0.21288684010505676
63.10000094026327,1.0,0.1985873579978943
63.20000094175339,1.0,0.16690996289253235
63.300000943243504,1.0,0.22430434823036194
63.40000094473362,1.0,0.23620477318763733
63.500000946223736,1.0,0.2149226814508438
63.60000094771385,1.0,0.22461220622062683
63.70000094920397,1.0,0.23512092232704163
63.800000950694084,1.0,0.21497349441051483
63.9000009521842,1.0,0.13514000177383423
64.00000095367432,1.0,0.15092197060585022
64.10000095516443,1.0,0.16546334326267242
64.20000095665455,1.0,0.15955005586147308
64.30000095814466,1.0,0.23345181345939636
64.40000095963478,1.0,0.2254955768585205
64.5000009611249,1.0,0.2528095543384552
64.60000096261501,1.0,0.2735948860645294
64.70000096410513,1.0,0.2292904108762741
64.80000096559525,1.0,0.23275423049926758
64.90000096708536,1.0,0.19623737037181854
65.00000096857548,1.0,0.19684427976608276
65.1000009700656,1.0,0.2673127055168152
65.20000097155571,1.0,0.2512277066707611
65.30000097304583,1.0,0.2577478885650635
65.40000097453594,1.0,0.23404523730278015
65.50000097602606,1.0,0.22265875339508057
65.60000097751617,1.0,0.22957810759544373
65.70000097900629,1.0,0.27485400438308716
65.8000009804964,1.0,0.2425374686717987
65.90000098198652,1.0,0.18057924509048462
66.00000098347664,1.0,0.2063346803188324
66.10000098496675,1.0,0.1905824989080429
66.20000098645687,1.0,0.19729113578796387
66.30000098794699,1.0,0.23298247158527374
66.4000009894371,1.0,0.21201947331428528
66.50000099092722,1.0,0.24753418564796448
66.60000099241734,1.0,0.2421719878911972
66.70000099390745,1.0,0.2200915366411209
66.80000099539757,1.0,0.25547119975090027
66.90000099688768,1.0,0.24530139565467834
67.0000009983778,1.0,0.24883678555488586
67.10000099986792,1.0,0.24396729469299316
67.20000100135803,1.0,0.22421886026859283
67.30000100284815,1.0,0.227315291762352
67.40000100433826,1.0,0.212421253323555
67.50000100582838,0.0,-0.3402383625507355
67.6000010073185,0.0,-0.3518301248550415
67.70000100880861,0.0,-0.3154498338699341
67.80000101029873,0.0,-0.31827232241630554
67.90000101178885,0.0,-0.2970733940601349
68.00000101327896,0.0,-0.32659268379211426
68.10000101476908,0.0,-0.30918511748313904
68.2000010162592,0.0,-0.2980253994464874
68.30000101774931,0.0,-0.29204583168029785
68.40000101923943,0.0,-0.34143689274787903
68.50000102072954,0.0,-0.3046480417251587
68.60000102221966,0.0,-0.2801196575164795
68.70000102370977,0.0,-0.23218359053134918
68.80000102519989,0.0,-0.2646198868751526
68.90000102669,0.0,-0.31134188175201416
69.00000102818012,0.0,-0.3059006333351135
69.10000102967024,0.0,-0.34764668345451355
69.20000103116035,0.0,-0.3158930540084839
69.30000103265047,0.0,-0.33391186594963074
69.40000103414059,0.0,-0.32487183809280396
69.5000010356307,0.0,-0.2866813838481903
69.60000103712082,0.0,-0.2778165936470032
69.70000103861094,0.0,-0.2959066927433014
69.80000104010105,0.0,-0.2782350778579712
69.90000104159117,0.0,-0.3144471049308777
70.00000104308128,0.0,-0.299796462059021
70.1000010445714,0.0,-0.3519035279750824
70.20000104606152,0.0,-0.279940128326416
70.30000104755163,0.0,-0.31515002250671387
70.40000104904175,0.0,-0.28276383876800537
70.50000105053186,0.0,-0.2702837288379669
70.60000105202198,0.0,-0.25433439016342163
70.7000010535121,0.0,-0.2296246886253357
70.80000105500221,0.0,-0.27810728549957275
70.90000105649233,0.0,-0.2538366913795471
71.00000105798244,0.0,-0.2681731879711151
71.10000105947256,0.0,-0.2552979588508606
71.20000106096268,0.0,-0.2546065151691437
71.3000010624528,0.0,-0.22365787625312805
71.40000106394291,0.0,-0.2008039802312851
71.50000106543303,0.0,-0.21954703330993652
71.60000106692314,0.0,-0.18268875777721405
71.70000106841326,0.0,-0.16733407974243164
71.80000106990337,0.0,-0.17453700304031372
71.90000107139349,0.0,-0.1902204155921936
72.0000010728836,0.0,-0.15471304953098297
72.10000107437372,0.0,-0.19283851981163025
72.20000107586384,0.0,-0.18137504160404205
72.30000107735395,0.0,-0.19518840312957764
72.40000107884407,0.0,-0.17322379350662231
72.50000108033419,0.0,-0.21300777792930603
72.6000010818243,0.0,-0.1507929563522339
72.70000108331442,0.0,-0.15878652036190033
72.80000108480453,0.0,-0.15316221117973328
72.90000108629465,0.0,-0.16189761459827423
73.00000108778477,0.0,-0.14267250895500183
73.10000108927488,0.0,-0.1272364854812622
73.200001090765,0.0,-0.11421512067317963
73.30000109225512,0.0,-0.16249489784240723
73.40000109374523,0.0,-0.10358927398920059
73.50000109523535,0.0,-0.06767098605632782
73.60000109672546,0.0,-0.027480050921440125
73.70000109821558,0.0,-0.0986781194806099
73.8000010997057,0.0,-0.12888047099113464
73.90000110119581,0.0,-0.12672612071037292
74.00000110268593,0.0,-0.15187373757362366
74.10000110417604,0.0,-0.13385248184204102
74.20000110566616,0.0,-0.11386322230100632
74.30000110715628,0.0,-0.12180814146995544
74.40000110864639,0.0,-0.16466830670833588
74.50000111013651,0.0,-0.163478285074234
74.60000111162663,0.0,-0.16311684250831604
74.70000111311674,0.0,-0.1568109542131424
74.80000111460686,0.0,-0.15086299180984497
74.90000111609697,0.0,-0.145631343126297
75.00000111758709,0.0,-0.19411775469779968
75.1000011190772,0.0,-0.2298850417137146
75.20000112056732,0.0,-0.1812494546175003
75.30000112205744,0.0,-0.14957420527935028
75.40000112354755,0.0,-0.17405806481838226
75.50000112503767,0.0,-0.19036097824573517
75.60000112652779,0.0,-0.24240455031394958
75.7000011280179,0.0,-0.1981000304222107
75.80000112950802,0.0,-0.20457705855369568
75.90000113099813,0.0,-0.18134693801403046
76.00000113248825,0.0,-0.16019916534423828
76.10000113397837,0.0,-0.15711471438407898
76.20000113546848,0.0,-0.18208721280097961
76.3000011369586,0.0,-0.17651060223579407
76.40000113844872,0.0,-0.13489234447479248
76.50000113993883,0.0,-0.15926307439804077
76.60000114142895,0.0,-0.18594148755073547
76.70000114291906,0.0,-0.15299643576145172
76.80000114440918,0.0,-0.14049425721168518
76.9000011458993,0.0,-0.12323478609323502
77.00000114738941,0.0,-0.12291572988033295
77.10000114887953,0.0,-0.14221811294555664
77.20000115036964,0.0,-0.0983184278011322
77.30000115185976,0.0,-0.10978756844997406
77.40000115334988,0.0,-0.15383043885231018
77.50000115483999,0.0,-0.11964336037635803
77.60000115633011,0.0,-0.1272197663784027
77.70000115782022,0.0,-0.1327293962240219
77.80000115931034,0.0,-0.1165522038936615
77.90000116080046,0.0,-0.11792710423469543
78.00000116229057,0.0,-0.1498420238494873
78.10000116378069,0.0,-0.14323173463344574
78.2000011652708,0.0,-0.12554484605789185
78.30000116676092,0.0,-0.1209203451871872
78.40000116825104,0.0,-0.16095101833343506
78.50000116974115,0.0,-0.12773875892162323
78.60000117123127,0.0,-0.15693072974681854
78.70000117272139,0.0,-0.19669462740421295
78.8000011742115,0.0,-0.11566852033138275
78.90000117570162,0.0,-0.1314312368631363
79.00000117719173,1.0,0.47254982590675354
79.10000117868185,1.0,0.4673900604248047
79.20000118017197,1.0,0.44067949056625366
79.30000118166208,1.0,0.4142589867115021
79.4000011831522,1.0,0.45369434356689453
79.50000118464231,1.0,0.43889346718788147
79.60000118613243,1.0,0.44075915217399597
79.70000118762255,1.0,0.3744085729122162
79.80000118911266,1.0,0.38398247957229614
79.90000119060278,1.0,0.3959895670413971
80.0000011920929,0.0,-0.3252822756767273
80.10000119358301,0.0,-0.30013227462768555
80.20000119507313,1.0,0.22400374710559845
80.30000119656324,1.0,0.24606850743293762
80.40000119805336,1.0,0.2076484113931656
80.50000119954348,1.0,0.19234424829483032
80.60000120103359,1.0,0.22977527976036072
80.70000120252371,1.0,0.21683496236801147
80.80000120401382,1.0,0.20788845419883728
80.90000120550394,1.0,0.1518748551607132
81.00000120699406,1.0,0.16873139142990112
81.10000120848417,1.0,0.15285447239875793
81.20000120997429,1.0,0.1721043884754181
81.3000012114644,1.0,0.11940199881792068
81.40000121295452,1.0,0.13472680747509003
81.50000121444464,1.0,0.11905059218406677
81.60000121593475,1.0,0.08470240980386734
81.70000121742487,1.0,0.10212130099534988
81.80000121891499,1.0,0.07228696346282959
81.9000012204051,1.0,0.12377616763114929
82.00000122189522,1.0,0.1015138328075409
82.10000122338533,1.0,0.14548204839229584
82.20000122487545,1.0,0.13216044008731842
82.30000122636557,1.0,0.09783197939395905
82.40000122785568,1.0,0.08846661448478699
82.5000012293458,1.0,0.05599450692534447
82.60000123083591,1.0,0.0575980618596077
82.70000123232603,1.0,0.07530806213617325
82.80000123381615,1.0,0.080779530107975
82.90000123530626,1.0,0.05765967443585396
83.00000123679638,1.0,0.08409599959850311
83.1000012382865,1.0,0.05789944529533386
83.20000123977661,1.0,0.05641479417681694
83.30000124126673,1.0,0.06214723736047745
83.40000124275684,1.0,0.0777105763554573
83.50000124424696,1.0,0.0707157701253891
83.60000124573708,1.0,0.03817033767700195
83.70000124722719,1.0,-0.001311187632381916
83.80000124871731,1.0,0.02306271716952324
83.90000125020742,1.0,0.021114982664585114
84.00000125169754,1.0,0.050608329474925995
84.10000125318766,1.0,0.04538542032241821
84.20000125467777,1.0,0.036067720502614975
84.30000125616789,1.0,0.052443888038396835
84.400001257658,1.0,0.04665655270218849
84.50000125914812,1.0,0.031899575144052505
84.60000126063824,1.0,-0.024683699011802673
84.70000126212835,1.0,0.018375214189291
84.80000126361847,1.0,0.019932538270950317
84.90000126510859,1.0,0.0016636010259389877
85.0000012665987,1.0,0.010290786623954773
85.10000126808882,1.0,-0.017654389142990112
85.20000126957893,1.0,-0.03765306994318962
85.30000127106905,1.0,-0.04112250730395317
85.40000127255917,1.0,-0.02643480710685253
85.50000127404928,1.0,-0.05879252403974533
85.6000012755394,1.0,-0.04997279867529869
85.70000127702951,1.0,-0.020736511796712875
85.80000127851963,1.0,-0.07035504281520844
85.90000128000975,1.0,-0.0798734575510025
86.00000128149986,1.0,-0.08108565956354141
86.10000128298998,1.0,-0.0915825143456459
86.2000012844801,1.0,-0.06601984798908234
86.30000128597021,1.0,-0.09114451706409454
86.40000128746033,1.0,-0.0733342245221138
86.50000128895044,1.0,-0.06222175061702728
86.60000129044056,1.0,-0.05606076121330261
86.70000129193068,1.0,-0.05431561544537544
86.80000129342079,1.0,-0.08479523658752441
86.90000129491091,1.0,-0.12438954412937164
87.00000129640102,1.0,-0.1044820174574852
87.10000129789114,1.0,-0.0859423279762268
87.20000129938126,1.0,-0.1334494948387146
87.30000130087137,1.0,-0.1253032088279724
87.40000130236149,1.0,-0.10457707941532135
87.5000013038516,1.0,-0.13088512420654297
87.60000130534172,1.0,-0.11964613199234009
87.70000130683184,1.0,-0.11036815494298935
87.80000130832195,1.0,-0.08471184968948364
87.90000130981207,1.0,-0.06410922855138779
88.00000131130219,1.0,-0.054518576711416245
88.1000013127923,1.0,-0.13044993579387665
88.20000131428242,1.0,-0.14184433221817017
88.30000131577253,1.0,-0.10298983752727509
88.40000131726265,1.0,-0.1366725116968155
88.50000131875277,1.0,-0.1383122056722641
88.60000132024288,1.0,-0.09723996371030807
88.700001321733,1.0,-0.12155021727085114
88.80000132322311,1.0,-0.09563074260950089
88.90000132471323,1.0,-0.10117219388484955
89.00000132620335,1.0,-0.0789417028427124
89.10000132769346,1.0,-0.09291934221982956
89.20000132918358,1.0,-0.10389107465744019
89.3000013306737,1.0,-0.14313820004463196
89.40000133216381,1.0,-0.12374238669872284
89.50000133365393,1.0,-0.13563695549964905
89.60000133514404,1.0,-0.15417060256004333
89.70000133663416,1.0,-0.1633089780807495
89.80000133812428,1.0,-0.13199280202388763
89.90000133961439,1.0,-0.13550537824630737
90.00000134110451,1.0,-0.1191440224647522
90.10000134259462,1.0,-0.08628278970718384
90.20000134408474,1.0,-0.10343026369810104
90.30000134557486,1.0,-0.13380444049835205
90.40000134706497,1.0,-0.10742731392383575
90.50000134855509,1.0,-0.11071736365556717
90.6000013500452,1.0,-0.14202554523944855
90.70000135153532,1.0,-0.1074758842587471
90.80000135302544,1.0,-0.10438759624958038
90.90000135451555,1.0,-0.1352788209915161
91.00000135600567,1.0,-0.11632369458675385
91.10000135749578,1.0,-0.1029132604598999
91.2000013589859,1.0,-0.07994632422924042
91.30000136047602,1.0,-0.06325089186429977
91.40000136196613,1.0,-0.07663019001483917
91.50000136345625,1.0,-0.11318822205066681
91.60000136494637,1.0,-0.07955645024776459
91.70000136643648,1.0,-0.045238714665174484
91.8000013679266,1.0,-0.0537223257124424
91.90000136941671,1.0,-0.07697762548923492
92.00000137090683,1.0,-0.07235750555992126
92.10000137239695,1.0,-0.12622499465942383
92.20000137388706,1.0,-0.13267534971237183
92.30000137537718,1.0,-0.12833330035209656
92.4000013768673,1.0,-0.16152429580688477
92.50000137835741,1.0,-0.10792320221662521
92.60000137984753,1.0,-0.13828271627426147
92.70000138133764,1.0,-0.1008298471570015
92.80000138282776,1.0,-0.09376010298728943
92.90000138431787,1.0,-0.10742231458425522
93.00000138580799,1.0,-0.1013888418674469
93.10000138729811,1.0,-0.10379217565059662
93.20000138878822,1.0,-0.10181625187397003
93.30000139027834,1.0,-0.10486340522766113
93.40000139176846,1.0,-0.14102047681808472
93.50000139325857,1.0,-0.1509142965078354
93.60000139474869,1.0,-0.09626473486423492
93.7000013962388,1.0,-0.08801113069057465
93.80000139772892,1.0,-0.134680837392807
93.90000139921904,1.0,-0.13251209259033203
94.00000140070915,1.0,-0.12710104882717133
94.10000140219927,1.0,-0.13894206285476685
94.20000140368938,1.0,-0.12563249468803406
94.3000014051795,1.0,-0.12336888909339905
94.40000140666962,1.0,-0.17650358378887177
94.50000140815973,1.0,-0.08781195431947708
94.60000140964985,1.0,-0.10734260827302933
94.70000141113997,1.0,-0.10038489103317261
94.80000141263008,1.0,-0.15186209976673126
94.9000014141202,1.0,-0.1276114284992218
95.00000141561031,1.0,-0.09622032195329666
95.10000141710043,1.0,-0.056384794414043427
95.20000141859055,1.0,-0.08199310302734375
95.30000142008066,1.0,-0.0633845180273056
95.40000142157078,1.0,-0.06306656450033188
95.5000014230609,1.0,-0.07591316103935242
95.60000142455101,1.0,-0.04811761528253555
95.70000142604113,1.0,-0.07691632211208344
95.80000142753124,1.0,-0.08156342059373856
95.90000142902136,1.0,-0.08620569109916687
96.00000143051147,1.0,-0.05373702198266983
96.10000143200159,1.0,-0.06709186732769012
96.2000014334917,1.0,-0.08978188037872314
96.30000143498182,1.0,-0.057219721376895905
96.40000143647194,1.0,-0.10192237049341202
96.50000143796206,1.0,-0.1550854593515396
96.60000143945217,1.0,-0.14022690057754517
96.70000144094229,1.0,-0.142987459897995
96.8000014424324,1.0,-0.10532844066619873
96.90000144392252,1.0,-0.10964161157608032
97.00000144541264,1.0,-0.08988639712333679
97.10000144690275,1.0,-0.09238430112600327
97.20000144839287,1.0,-0.07380274683237076
97.30000144988298,1.0,-0.05957696586847305
97.4000014513731,1.0,-0.06632520258426666
97.50000145286322,1.0,-0.12488050758838654
97.60000145435333,1.0,-0.12460315227508545
97.70000145584345,1.0,-0.07286791503429413
97.80000145733356,1.0,-0.05210791155695915
97.90000145882368,1.0,-0.11858928203582764
98.0000014603138,1.0,-0.06638727337121964
98.10000146180391,1.0,-0.10464486479759216
98.20000146329403,1.0,-0.10771910846233368
98.30000146478415,1.0,-0.08139711618423462
98.40000146627426,1.0,-0.03890242800116539
98.50000146776438,1.0,-0.05745474621653557
98.6000014692545,1.0,-0.022776328027248383
98.70000147074461,1.0,-0.01675604283809662
98.80000147223473,1.0,-0.05265960097312927
98.90000147372484,1.0,-0.06681667268276215
99.00000147521496,1.0,-0.07594664394855499
99.10000147670507,1.0,-0.021121442317962646
99.20000147819519,1.0,-0.07334450632333755
99.3000014796853,1.0,-0.0567951574921608
99.40000148117542,1.0,-0.07248855382204056
99.50000148266554,1.0,-0.07351066172122955
99.60000148415565,1.0,-0.050929851830005646
99.70000148564577,1.0,-0.043725691735744476
99.80000148713589,0.0,-0.6440809369087219
99.900001488626,0.0,-0.5822033286094666
