phenotype,source,tcrit_ms,n_bursts,Burst length (ms),Openings per burst,Open time in burst (ms),Gap in burst (ms),Burst Popen,Bursts per s
Phenotype_A,Diffusion,4.2582134104930445,62,78.90322580645162,12.419354838709678,5.411428571428572,1.0242937853107346,0.8517579721995094,8.456544274101152
Phenotype_A,GAN,4.2582134104930445,79,54.16962025316456,9.759493670886076,4.844228274967575,0.786849710982659,0.872762536804225,10.775274155709532
Phenotype_A,Real,4.2582134104930445,88,56.60795454545455,10.125,4.742424242424242,0.9414694894146949,0.8482384823848238,12.002837034208087
Phenotype_C,Diffusion,7.804283884289698,15,484.20666666666665,6.066666666666666,78.64065934065934,1.4052631578947368,0.9852955349644091,1.5
Phenotype_C,GAN,7.804283884289698,47,97.11489361702128,5.957446808510638,15.812857142857144,0.5871244635193134,0.9700289194636755,4.7
Phenotype_C,Real,7.804283884289698,17,356.06470588235294,4.0588235294117645,86.40144927536231,1.7576923076923074,0.9849002990203367,1.7
Phenotype_E,Diffusion,2.0842983029680933,71,64.70422535196187,12.380281690140846,4.828668941968268,0.4326732673257242,0.9239007400957773,14.200000000033096
Phenotype_E,GAN,2.0842983029680933,42,113.77738095211578,27.142857142857142,3.818991228061275,0.38706739526321443,0.9110627478471953,8.400000000019578
Phenotype_E,Real,2.0842983029680933,55,74.71090909073496,14.2,4.859026888593029,0.4327823691449968,0.9235355673991873,11.000000000025638
