phenotype,source,state,origin,n_components,tau_fast_ms,tau_slow_ms,area_fast,mean_ms,n_events
Phenotype_A,Diffusion,Closed,true,2,1.0918457431445776,40.379388423885715,0.9270629716881221,3.9573623559539053,781
Phenotype_A,Diffusion,Closed,recovered,2,1.0532548512723108,26.37110006692208,0.897702217057515,3.6432142857142855,840
Phenotype_A,Diffusion,Open,true,2,0.853195616931196,9.843513504004775,0.4901341951755871,5.437051282051282,780
Phenotype_A,Diffusion,Open,recovered,2,0.7667518731129251,9.516353849915086,0.505784407623197,5.090941597139452,839
Phenotype_A,GAN,Closed,true,2,0.857641828759562,36.16431916314253,0.9086523994714958,4.08282208588957,815
Phenotype_A,GAN,Closed,recovered,2,1.146991447421677,45.652078518826166,0.9136092750874115,4.991818181818182,660
Phenotype_A,GAN,Open,true,2,0.6625025183998489,9.094157403480764,0.4966014580093828,4.906985294117647,816
Phenotype_A,GAN,Open,recovered,2,0.9232590563041706,9.44158050331448,0.39141132598308603,6.107413010590015,661
Phenotype_A,Real,Closed,true,2,1.0278320969638886,25.988423387562612,0.904923410050388,3.401,900
Phenotype_A,Real,Closed,recovered,2,1.0691422590284458,23.81852223172555,0.8938594283772039,3.4837744533947066,869
Phenotype_A,Real,Open,true,2,0.6352529810618635,8.631964919108809,0.4853825413502717,4.7505005561735265,899
Phenotype_A,Real,Open,recovered,2,0.6115363749436761,8.65277926026661,0.45938464396348044,4.958755760368664,868
Phenotype_B,Diffusion,Closed,true,1,161.57894736842104,NA,NA,161.57894736842104,57
Phenotype_B,Diffusion,Closed,recovered,2,0.8483609496952983,164.0793881638142,0.26933484704816624,120.11558441558441,77
Phenotype_B,Diffusion,Open,true,1,14.107142857142858,NA,NA,14.107142857142858,56
Phenotype_B,Diffusion,Open,recovered,2,1.306040434898785,15.261837833839587,0.38542714136891415,9.882894736842106,76
Phenotype_B,GAN,Closed,true,2,0.17574472684208917,126.80562028901322,0.11608861566370664,112.10533333333333,75
Phenotype_B,GAN,Closed,recovered,2,0.3377950163008511,75.0366407869741,0.2921680414918371,53.212025316455694,158
Phenotype_B,GAN,Open,true,1,21.514864864864865,NA,NA,21.514864864864865,74
Phenotype_B,GAN,Open,recovered,2,0.11986186053999587,23.526508330347987,0.571769059087555,10.143312101910828,157
Phenotype_B,Real,Closed,true,1,197.54468085106382,NA,NA,197.54468085106382,47
Phenotype_B,Real,Closed,recovered,1,197.54468085106382,NA,NA,197.54468085106382,47
Phenotype_B,Real,Open,true,1,15.552173913043479,NA,NA,15.552173913043479,46
Phenotype_B,Real,Open,recovered,1,15.552173913043479,NA,NA,15.552173913043479,46
Phenotype_C,Diffusion,Closed,true,2,1.5003416332345938,132.9762863415502,0.8171507082904048,25.540625,96
Phenotype_C,Diffusion,Closed,recovered,2,0.16832445452982417,49.1357058276199,0.9248944077759056,3.846048632218845,658
Phenotype_C,Diffusion,Open,true,2,0.8396719034495369,95.40278777900274,0.17741321187443282,78.62604166666667,96
Phenotype_C,Diffusion,Open,recovered,2,0.4557865437918223,18.858111224024498,0.407915390996714,11.351519756838906,658
Phenotype_C,GAN,Closed,true,2,0.4430292012068446,89.26813267129548,0.8188311643325946,16.535369774919616,311
Phenotype_C,GAN,Closed,recovered,2,0.3784184313004209,88.5441186997889,0.7490958612764532,22.499557522123894,226
Phenotype_C,GAN,Open,true,2,0.31722501573676914,30.023295252862688,0.4848949752285736,15.618971061093248,311
Phenotype_C,GAN,Open,recovered,2,0.16845590369669755,46.33503350650729,0.5325671664367619,21.748230088495575,226
Phenotype_C,Real,Closed,true,2,1.7826740149273015,203.2564195705124,0.7500512271716143,52.14078947368421,76
Phenotype_C,Real,Closed,recovered,2,0.2787977134577068,107.84272330030842,0.8459271638760534,16.851476793248946,237
Phenotype_C,Real,Open,true,2,0.6226207167393643,107.13653342414416,0.26004467233773615,79.43815789473685,76
Phenotype_C,Real,Open,recovered,2,0.43017316920536897,38.06944778110025,0.3381263820457103,25.342616033755274,237
Phenotype_D,Diffusion,Closed,true,1,0.3931818181809018,NA,NA,0.3931818181809018,308
Phenotype_D,Diffusion,Closed,recovered,1,0.30681003584157884,NA,NA,0.30681003584157884,1674
Phenotype_D,Diffusion,Open,true,1,32.07435064927589,NA,NA,32.07435064927589,308
Phenotype_D,Diffusion,Open,recovered,1,5.6669056152795045,NA,NA,5.6669056152795045,1674
Phenotype_D,GAN,Closed,true,1,0.22011661807528873,NA,NA,0.22011661807528873,686
Phenotype_D,GAN,Closed,recovered,1,0.32108876900366556,NA,NA,0.32108876900366556,2039
Phenotype_D,GAN,Open,true,1,14.336244541451302,NA,NA,14.336244541451302,687
Phenotype_D,GAN,Open,recovered,1,4.581029411754029,NA,NA,4.581029411754029,2040
Phenotype_D,Real,Closed,true,1,0.37928802588908367,NA,NA,0.37928802588908367,309
Phenotype_D,Real,Closed,recovered,1,0.31617647058749837,NA,NA,0.31617647058749837,1700
Phenotype_D,Real,Open,true,1,31.879999999925698,NA,NA,31.879999999925698,310
Phenotype_D,Real,Open,recovered,1,5.56290417400232,NA,NA,5.56290417400232,1701
Phenotype_E,Diffusion,Closed,true,2,0.42114309933531835,3.3659664273373857,0.8703370673813035,0.8029775280880161,890
Phenotype_E,Diffusion,Closed,recovered,2,0.32562729470722623,2.534680650252059,0.867018529037369,0.619390459362514,1132
Phenotype_E,Diffusion,Open,true,1,4.814999999988777,NA,NA,4.814999999988777,890
Phenotype_E,Diffusion,Open,recovered,2,0.2624621766065948,4.180093674370561,0.09764139460785143,3.797570671369241,1132
Phenotype_E,GAN,Closed,true,2,0.3303382738580545,1.7132148104920182,0.8627555274129447,0.5201304347813964,1150
Phenotype_E,GAN,Closed,recovered,2,0.38719405431870113,1.716353274857348,0.8387138425372964,0.6015690376555017,956
Phenotype_E,GAN,Open,true,2,0.13398144657857927,4.559898208917455,0.16618660844231822,3.8243701129363514,1151
Phenotype_E,GAN,Open,recovered,1,4.62371995819194,NA,NA,4.62371995819194,957
Phenotype_E,Real,Closed,true,2,0.46531991740493256,10.835035649585157,0.9391301670490072,1.0965227817720247,834
Phenotype_E,Real,Closed,recovered,2,0.3355500326527084,8.314828661426759,0.9269901533111843,0.9181159420268457,966
Phenotype_E,Real,Open,true,1,4.898681055144458,NA,NA,4.898681055144458,834
Phenotype_E,Real,Open,recovered,1,4.253464322637449,NA,NA,4.253464322637449,967
